category,name,latitude,longitude,city,state,osm_url,matched_keyword,km_to_town,review
cryptids,Skunk Ape Center and Museum,25.893918,-81.278523,Marco Island,FL,https://www.openstreetmap.org/node/10210835917,,44.3,far from any town
cryptids,Bigfoot Lookout,33.815056,-117.918628,Anaheim,CA,https://www.openstreetmap.org/node/10962908264,,2.3,
cryptids,Expedition: Bigfoot - The Sasquatch Museum,34.802273,-84.376175,Cherry Log,GA,https://www.openstreetmap.org/way/380684000,,,
cryptids,Bigfoot Museum,37.041437,-122.072526,Felton,CA,https://www.openstreetmap.org/node/797799539,,1.1,
cryptids,Sasquatch - Photo Opp,37.036099,-88.271112,Calvert City,KY,https://www.openstreetmap.org/node/12893412684,,7.0,
cryptids,Mothman Statue,38.842573,-82.13852,Point Pleasant,WV,https://www.openstreetmap.org/node/5328446004,,0.3,
cryptids,Mothman Museum,38.842731,-82.138529,Point Pleasant,WV,https://www.openstreetmap.org/way/904768521,,,
cryptids,Bigfoot Trap,42.056587,-123.137225,Williams,OR,https://www.openstreetmap.org/node/10817099005,,21.3,
cryptids,Southern Oregon Bigfoot Experience,42.167613,-123.646048,Cave Junction,OR,https://www.openstreetmap.org/node/11343789706,,,
cryptids,Bigfoot Statue,40.93882,-123.628581,Willow Creek,CA,https://www.openstreetmap.org/node/13526912734,,0.3,
cryptids,Museum Bigfoot Statue,40.940121,-123.632084,Willow Creek,CA,https://www.openstreetmap.org/node/13527671968,,0.1,
cryptids,Gonzalez Bigfoot Statue,40.939748,-123.631694,Willow Creek,CA,https://www.openstreetmap.org/node/13531160722,,0.0,
cryptids,Willow Creek-China Flat Museum & Bigfoot Collection,40.940229,-123.63207,Willow Creek,CA,https://www.openstreetmap.org/way/776346735,,,
cryptids,Big Boot,41.133566,-104.82535,Cheyenne,WY,https://www.openstreetmap.org/node/14090479377,,0.8,
cryptids,Jersey Devil,40.13439,-74.443789,Shrewsbury,NJ,https://www.openstreetmap.org/node/12859899266,,9.0,
cryptids,Bigfoot Cabin (ruins),39.695892,-76.249272,Susquehanna Trails,PA,https://www.openstreetmap.org/way/383618052,,12.3,
cryptids,North American Bigfoot Center,45.431789,-122.340251,Sandy,OR,https://www.openstreetmap.org/node/8868908017,,7.2,
cryptids,Surfing Sasquatch,44.979731,-124.013634,Lincoln City,OR,https://www.openstreetmap.org/node/13021851179,,2.4,
cryptids,Bigfoot,45.36042,-122.856409,Sherwood,OR,https://www.openstreetmap.org/node/13670202967,,1.3,
cryptids,Bigfoot Pass Overlook,43.795913,-102.046085,Philip,SD,https://www.openstreetmap.org/node/422386081,,40.8,far from any town
cryptids,Pixel Yeti,44.886268,-93.401937,Edina,MN,https://www.openstreetmap.org/node/6802602198,,4.1,
cryptids,Sasquatch,42.531314,-83.315132,Franklin,MI,https://www.openstreetmap.org/node/12664732006,,1.3,
cryptids,Sasquatch Pushing Over a House,47.664314,-122.319674,Seattle,WA,https://www.openstreetmap.org/node/3211770268,,6.5,
cryptids,Sasquatch Steps,46.226284,-122.185263,Morton,WA,https://www.openstreetmap.org/node/5535204373,,37.6,
cryptids,Ferry Fever,47.566984,-122.630788,Bremerton,WA,https://www.openstreetmap.org/node/12672661145,,0.1,
cryptids,The Yeti,47.275547,-120.428416,South Wenatchee,WA,https://www.openstreetmap.org/node/9634773055,,16.5,
cryptids,Chamber of Commerce Hodag,45.632178,-89.423039,Rhinelander,WI,https://www.openstreetmap.org/node/2876677463,,1.0,
cryptids,Hodag,45.655123,-89.400556,Rhinelander,WI,https://www.openstreetmap.org/node/7815427682,,2.2,
cryptids,Sasquatch Statue,48.995582,-122.75162,Blaine,WA,https://www.openstreetmap.org/node/10065644288,,0.4,
cryptids,Striding Sasquatch,49.007815,-119.336793,,,https://www.openstreetmap.org/node/7880282908,,,"outside the US (nearest: Osoyoos, CA)"
cryptids,Sasquatch Caves,49.358345,-121.458832,,,https://www.openstreetmap.org/node/12257883036,,,"outside the US (nearest: Hope, CA)"
cryptids,Sasquatch Inn,49.251543,-121.957484,,,https://www.openstreetmap.org/way/90699809,,,"outside the US (nearest: Chilliwack, CA)"
roadside-oddities,World's Largest Cowboy Boots,29.519994,-98.493982,Castle Hills,TX,https://www.openstreetmap.org/node/12133861154,,2.2,
roadside-oddities,World's Largest Pecan,29.628837,-97.969628,Geronimo,TX,https://www.openstreetmap.org/node/7149190509,,3.8,
roadside-oddities,Paul Bunyan Bouquet no. 2,29.716318,-95.397803,West University Place,TX,https://www.openstreetmap.org/node/8512597393,,3.5,
roadside-oddities,Muffler Man,33.124128,-117.079365,Escondido,CA,https://www.openstreetmap.org/node/1331756831,,0.9,
roadside-oddities,World's Largest Chile Pepper,32.311858,-106.807619,Las Cruces,NM,https://www.openstreetmap.org/node/4757267498,,,
roadside-oddities,World's Largest Spur,31.051275,-98.182169,Lampasas,TX,https://www.openstreetmap.org/node/9107916010,,1.4,
roadside-oddities,World's Largest Peanut Monument,31.706373,-83.635334,Ashburn,GA,https://www.openstreetmap.org/node/2969409261,,1.7,
roadside-oddities,World's Smallest City Block,31.225372,-85.38923,Dothan,AL,https://www.openstreetmap.org/node/6370965502,,0.3,
roadside-oddities,World's Largest Sweet Tea,33.01869,-80.176746,Summerville,SC,https://www.openstreetmap.org/node/11881996671,,0.1,
roadside-oddities,World's Largest Olive,36.204887,-119.105308,Lindsay,CA,https://www.openstreetmap.org/node/5271212028,,1.6,
roadside-oddities,"Wisteria Vine, Worlds Largest Blossoming Plant",34.170884,-118.05739,Sierra Madre,CA,https://www.openstreetmap.org/node/5341301055,,1.1,
roadside-oddities,World's largest surfboard,33.65928,-118.000959,Huntington Beach,CA,https://www.openstreetmap.org/node/5893276585,,0.2,
roadside-oddities,Giant Ball,34.154524,-118.281061,Glendale,CA,https://www.openstreetmap.org/node/6862517420,,2.7,
roadside-oddities,"World's Largest ""Paper"" Cup",34.006539,-117.339255,Highgrove,CA,https://www.openstreetmap.org/way/1306977818,,1.2,
roadside-oddities,World's Tallest Thermometer,35.266485,-116.072778,Baker,CA,https://www.openstreetmap.org/way/1374836733,,,
roadside-oddities,"Poki, World's Largest Desert Tortoise",35.138551,-114.570245,Bullhead City,AZ,https://www.openstreetmap.org/node/4698242327,,1.0,
roadside-oddities,Cadillac Ranch,35.187229,-101.987069,Amarillo,TX,https://www.openstreetmap.org/node/775853899,,,
roadside-oddities,World's Largest Peanut,33.992736,-96.378405,Durant,OK,https://www.openstreetmap.org/node/5766335229,,0.7,
roadside-oddities,World's Largest Bowie Knife,33.547184,-97.832162,Bowie,TX,https://www.openstreetmap.org/node/8301072917,,2.0,
roadside-oddities,World's Largest Christmas Pickle,35.312973,-94.332372,Barling,AR,https://www.openstreetmap.org/node/8190829531,,3.1,
roadside-oddities,World's Largest Amish Chair,34.843965,-83.935105,Blairsville,GA,https://www.openstreetmap.org/node/9572475278,,4.2,
roadside-oddities,World's Largest Chest of Drawers,35.96358,-80.008257,High Point,NC,https://www.openstreetmap.org/node/2687808860,,,
roadside-oddities,The Big Chair,35.882914,-80.082031,Thomasville,NC,https://www.openstreetmap.org/node/2867337145,,0.0,
roadside-oddities,Mystery Spot,37.017283,-122.003751,Santa Cruz,CA,https://www.openstreetmap.org/relation/15894383,,,
roadside-oddities,World's Largest Easel,39.338009,-101.7049,Goodland,KS,https://www.openstreetmap.org/node/9002468019,,1.5,
roadside-oddities,World's Largest Czech Egg,38.824102,-98.472706,Ellsworth,KS,https://www.openstreetmap.org/node/4320464383,,23.6,
roadside-oddities,World's Largest Collection of the World's Smallest Versions of the World's Largest Things,39.057611,-98.537771,Lucas,KS,https://www.openstreetmap.org/node/13897623238,,,
museums,World's Largest Toy Museum,36.646433,-93.287465,Branson,MO,https://www.openstreetmap.org/node/2702270051,,,
roadside-oddities,World's Largest Fork,37.145369,-93.323274,Battlefield,MO,https://www.openstreetmap.org/node/5034912209,,5.3,
roadside-oddities,World's largest rocker,38.037444,-91.469595,Cuba,MO,https://www.openstreetmap.org/node/5934936991,,6.4,
roadside-oddities,World's Largest Catsup Bottle,38.662906,-89.982241,Collinsville,IL,https://www.openstreetmap.org/way/1352431852,,0.8,
roadside-oddities,Worlds Largest Rocking Chair,39.300014,-87.99111,Casey,IL,https://www.openstreetmap.org/node/6449803785,,0.2,
roadside-oddities,World's Largest Windchime,39.299581,-87.991057,Casey,IL,https://www.openstreetmap.org/node/13837030495,,0.1,
roadside-oddities,World's Biggest Yard Stick,39.299351,-87.992062,Casey,IL,https://www.openstreetmap.org/node/13837050629,,0.0,
roadside-oddities,World's Largest Knitting Needles,39.299502,-87.992594,Casey,IL,https://www.openstreetmap.org/node/13837050665,,0.0,
roadside-oddities,World's Biggest Pencil,39.299277,-87.993148,Casey,IL,https://www.openstreetmap.org/node/13838230109,,0.1,
roadside-oddities,Worlds Largest Mailbox,39.298807,-87.993631,Casey,IL,https://www.openstreetmap.org/way/1511169352,,,
roadside-oddities,World's Largest Teeter-Totter,39.299713,-87.990597,Casey,IL,https://www.openstreetmap.org/way/1514904924,,0.2,
roadside-oddities,World's Largest Horseshoe Crab,39.197685,-83.594565,Hillsboro,OH,https://www.openstreetmap.org/node/13246140459,,1.6,
roadside-oddities,The Mystery Hole,38.123751,-81.141022,Ansted,WV,https://www.openstreetmap.org/node/3795596607,,3.9,
roadside-oddities,Lumberjack Muffler Man Statue,38.225668,-80.5261,Richwood,WV,https://www.openstreetmap.org/node/12993208831,,0.6,
roadside-oddities,World's Largest Apple,39.186615,-78.166452,Winchester,VA,https://www.openstreetmap.org/node/4638916214,,0.3,
roadside-oddities,Worlds Largest Shopping Cart,39.294044,-74.971378,Laurel Lake,NJ,https://www.openstreetmap.org/node/13012396502,,7.1,
roadside-oddities,World's Tallest Free Standing Redwood Chainsaw Carving,39.919097,-123.764318,Redway,CA,https://www.openstreetmap.org/node/7741610271,,22.9,
roadside-oddities,Paul Bunyan and Babe,41.584584,-124.085805,Bertsch-Oceanview,CA,https://www.openstreetmap.org/node/10224166157,,19.6,
roadside-oddities,Paul Bunyan's Woodpile,39.766429,-112.115293,Mona,UT,https://www.openstreetmap.org/node/368981508,,22.9,
roadside-oddities,Paul Bunyan's Woodpile Overlook,39.765628,-112.115667,Mona,UT,https://www.openstreetmap.org/node/9951862412,,22.9,
roadside-oddities,Carhenge,42.142284,-102.85796,Alliance,NE,https://www.openstreetmap.org/way/128118680,,4.7,
roadside-oddities,World's Largest Ball of Sisal Twine,39.509227,-98.433692,Osborne,KS,https://www.openstreetmap.org/node/1701391919,,23.8,
roadside-oddities,Worlds Largest Baseball,39.551224,-95.521726,Horton,KS,https://www.openstreetmap.org/node/13722284402,,12.2,
roadside-oddities,World's Largest Popcorn Ball,42.422549,-94.99997,Sac City,IA,https://www.openstreetmap.org/way/1079482377,,0.8,
roadside-oddities,"Maxie, The World's Largest Goose",39.652974,-93.24626,Brookfield,MO,https://www.openstreetmap.org/node/8275261037,,20.8,
roadside-oddities,World's largest covered wagon,40.148572,-89.387311,Lincoln,IL,https://www.openstreetmap.org/node/4571108790,,1.9,
roadside-oddities,Paul Bunyan Statue,40.260799,-89.23153,Atlanta,IL,https://www.openstreetmap.org/node/5312226069,,0.2,
roadside-oddities,Uniroyal Tire (World's Largest Tire),42.270523,-83.209012,Allen Park,MI,https://www.openstreetmap.org/node/2177195823,,1.5,
roadside-oddities,Worlds Largest Ball Of Paint,40.258859,-85.709091,Alexandria,IN,https://www.openstreetmap.org/node/11737622378,,,
roadside-oddities,World's Largest Teapot,40.616118,-80.557208,Chester,WV,https://www.openstreetmap.org/node/7589834068,,0.6,
roadside-oddities,World's Largest Drumsticks,41.235693,-80.818786,Warren,OH,https://www.openstreetmap.org/node/8997212314,,0.2,
roadside-oddities,World's Largest Basket,40.12397,-82.012013,Dresden,OH,https://www.openstreetmap.org/node/11357375817,,0.3,
roadside-oddities,World's Largest Cuckoo Clock,40.503106,-81.640582,Sugarcreek,OH,https://www.openstreetmap.org/node/11845638582,,,
roadside-oddities,World's Largest Apple Basket,40.1355,-82.083138,Frazeysburg,OH,https://www.openstreetmap.org/node/13234045056,,3.7,
roadside-oddities,Big Chair,42.095702,-79.244411,Jamestown,NY,https://www.openstreetmap.org/node/12921170538,,0.8,
roadside-oddities,World's Largest Kaleidoscope,42.049237,-74.286949,Shokan,NY,https://www.openstreetmap.org/way/233881956,,10.5,
roadside-oddities,World's Largest Pile of Horseshoes,41.399241,-73.042863,Seymour,CT,https://www.openstreetmap.org/node/13379232012,,2.8,
roadside-oddities,World's Tallest Sugarpine,42.961233,-122.703101,Shady Cove,OR,https://www.openstreetmap.org/node/369017519,,40.0,
roadside-oddities,World's Largest Mineral Hot Spring,43.65636,-108.197973,Thermopolis,WY,https://www.openstreetmap.org/node/9347951437,,1.6,
roadside-oddities,World's Largest Pheasant,44.370001,-98.200075,Huron,SD,https://www.openstreetmap.org/node/5295030826,,1.4,
roadside-oddities,World's Largest Corn Cob,44.776084,-95.005925,Olivia,MN,https://www.openstreetmap.org/node/13076633708,,1.3,
roadside-oddities,Paul Bunyan's Boat-Anchor,45.29691,-96.432457,Ortonville,MN,https://www.openstreetmap.org/node/13725105809,,1.3,
roadside-oddities,World's Largest Ball of Twine Made By One Man,45.096339,-94.410164,Dassel,MN,https://www.openstreetmap.org/node/2986147781,,8.3,
roadside-oddities,Jolly Green Giant,43.650675,-94.095708,Blue Earth,MN,https://www.openstreetmap.org/node/4427906436,,1.6,
roadside-oddities,World's Largest Bullhead,43.225496,-93.790098,Forest City,IA,https://www.openstreetmap.org/node/9667073085,,13.1,
roadside-oddities,World's Largest Round Barn,44.652396,-90.174269,Marshfield,WI,https://www.openstreetmap.org/node/5512218629,,,
roadside-oddities,World's Largest Potato Masher,44.444892,-89.521939,Plover,WI,https://www.openstreetmap.org/node/11470123816,,2.2,
roadside-oddities,World's Largest Strawberry,42.682731,-91.534686,Strawberry Point,IA,https://www.openstreetmap.org/node/13909483879,,0.1,
roadside-oddities,World's Largest Six-Pack,43.802842,-91.253231,La Crosse,WI,https://www.openstreetmap.org/way/345148051,,,
museums,Paul Bunyan Logging Camp Museum,44.810459,-91.517919,Eau Claire,WI,https://www.openstreetmap.org/way/449480074,,1.5,
roadside-oddities,World's Largest Cherry Pie - Pan,44.736254,-85.625162,Traverse City,MI,https://www.openstreetmap.org/node/10552756747,,3.0,
roadside-oddities,Quarry View,45.389405,-83.801163,Rogers City,MI,https://www.openstreetmap.org/node/11046794766,,,
roadside-oddities,Paul Bunyan,44.902028,-83.443236,Hubbard Lake,MI,https://www.openstreetmap.org/node/11699213800,,17.7,
roadside-oddities,Upside Down House,43.092287,-79.074838,,,https://www.openstreetmap.org/way/374827331,,,"outside the US (nearest: Niagara Falls, CA)"
roadside-oddities,World's Tallest Filing Cabinet,44.455837,-73.217221,Burlington,VT,https://www.openstreetmap.org/node/5170256119,,2.3,
roadside-oddities,Paul Bunyan Tree,43.135958,-70.944342,Durham,NH,https://www.openstreetmap.org/node/2581720749,,1.5,
roadside-oddities,Paul Bunyan & Babe the Blue Ox,44.542467,-70.548499,Rumford,ME,https://www.openstreetmap.org/node/6737377939,,,
roadside-oddities,World's Largest Lobster Trap,44.648972,-67.708151,Addison,ME,https://www.openstreetmap.org/node/11186990578,,4.4,
roadside-oddities,World's Largest Spruce,47.477977,-123.829595,Hoquiam,WA,https://www.openstreetmap.org/node/848925260,,55.5,far from any town
roadside-oddities,World's Largest Egg,46.493327,-122.937891,Winlock,WA,https://www.openstreetmap.org/node/3280903215,,,
roadside-oddities,World's Biggest Frying Pan,46.349034,-124.054282,Long Beach,WA,https://www.openstreetmap.org/node/4003537099,,0.4,
roadside-oddities,World's Largest Oyster,46.666338,-123.810894,South Bend,WA,https://www.openstreetmap.org/node/7903216517,,0.6,
roadside-oddities,Neah Bay Big Chair,48.368772,-124.601439,Forks,WA,https://www.openstreetmap.org/node/12247217710,,49.2,far from any town
roadside-oddities,World's Largest Buffalo,46.889295,-98.698575,Jamestown,ND,https://www.openstreetmap.org/node/4535184087,,2.5,
roadside-oddities,World's Largest Sandhill Crane,46.861697,-99.913138,Steele,ND,https://www.openstreetmap.org/node/6679883646,,0.8,
roadside-oddities,worlds largest bluebird,47.65853,-96.092313,Fosston,MN,https://www.openstreetmap.org/node/8832130003,,27.1,
roadside-oddities,World's Largest Turkey,46.72275,-95.710257,Frazee,MN,https://www.openstreetmap.org/node/8866823289,,0.9,
museums,Paul Bunyan Historical Museum,47.003669,-94.730578,Walker,MN,https://www.openstreetmap.org/node/367068130,,15.4,
roadside-oddities,Paul Bunyan and Babe the Blue Ox Statue,47.470418,-94.878892,Bemidji,MN,https://www.openstreetmap.org/node/4434491138,,,
roadside-oddities,Historic caboose,46.716906,-94.403555,Pequot Lakes,MN,https://www.openstreetmap.org/node/5552516635,,14.6,
roadside-oddities,Lucette Statue (Paul Bunyan's Sweetheart),46.930974,-94.523008,Walker,MN,https://www.openstreetmap.org/node/5635621718,,19.6,
roadside-oddities,World's Largest Tiger Muskie,46.964471,-94.842047,Park Rapids,MN,https://www.openstreetmap.org/node/8839362849,,17.1,
roadside-oddities,World's Largest Penny,45.895118,-89.700177,Woodruff,WI,https://www.openstreetmap.org/node/4723391031,,,
roadside-oddities,"Hiawatha, World's Largest Indian Statue",46.449723,-90.162138,Ironwood,MI,https://www.openstreetmap.org/node/10096037643,,0.9,
roadside-oddities,World's Smallest Covered Bridge,47.328135,-79.813176,Latchford,,https://www.openstreetmap.org/node/11954073174,,,"outside the US (nearest: Temiskaming Shores, CA)"
roadside-oddities,World's Largest Axe,45.994357,-67.232969,,,https://www.openstreetmap.org/node/1279866445,,,"outside the US (nearest: Nackawic, CA)"
roadside-oddities,World's Tallest Tin Soldier,49.200312,-122.910618,,,https://www.openstreetmap.org/node/1749451568,,,"outside the US (nearest: New Westminster, CA)"
roadside-oddities,Bigger Big Chair,48.738238,-122.485014,Bellingham,WA,https://www.openstreetmap.org/node/5289591052,,2.4,
roadside-oddities,World's Largest Pumpkin,49.369173,-97.948369,,,https://www.openstreetmap.org/node/7435128764,,,"outside the US (nearest: Carman, CA)"
roadside-oddities,World's Biggest Gold Pan,64.500439,-165.408315,Nome,AK,https://www.openstreetmap.org/node/1211787561,,0.1,
roadside-oddities,World's Largest Mosquito,63.341491,-143.078154,Tok,AK,https://www.openstreetmap.org/node/13612946319,,4.7,
haunted,Rees Sanitarium,30.1615,-96.39863,Brenham,TX,https://www.openstreetmap.org/node/12454130589,,0.6,
haunted,Original Site of St. Mary's Orphan Asylum,29.26287,-94.83266,Galveston,TX,https://www.openstreetmap.org/node/12403616528,,5.5,
haunted,The Haunted Hotel,30.083183,-94.099344,Beaumont,TX,https://www.openstreetmap.org/way/542860725,,,
haunted,Haunted Museum & Voodoo Pharmacy,29.961754,-90.067069,New Orleans,LA,https://www.openstreetmap.org/node/6559071386,,1.1,
haunted,New Orleans Nightmare Haunted House,29.951386,-90.175612,Elmwood,LA,https://www.openstreetmap.org/node/11145766959,,1.5,
haunted,The Haunted Mansion,28.420849,-81.582905,Lake Buena Vista,FL,https://www.openstreetmap.org/way/41831418,,,
haunted,C. Green's Haunted History House & Museum,28.966959,-81.236614,Lake Helen,FL,https://www.openstreetmap.org/way/583546897,,1.6,
haunted,Penitentiary Avenue,32.72843,-114.615586,Yuma,AZ,https://www.openstreetmap.org/way/337523589,,0.9,
haunted,Old Post Sanitarium,33.19201,-101.38364,Post,TX,https://www.openstreetmap.org/node/12403562982,,0.4,
haunted,Site of The Odessa Sanitarium,31.84679,-102.36865,Odessa,TX,https://www.openstreetmap.org/node/12403576671,,0.2,
haunted,Penitentiary Hollow Overlook,32.821003,-98.026988,Mineral Wells,TX,https://www.openstreetmap.org/node/4740819550,,8.1,
haunted,Site of Sanitarium of Alonzo Orrin Scarborough (1860-1952) Pioneer Doctor,32.716,-100.91725,Snyder,TX,https://www.openstreetmap.org/node/12453536656,,0.2,
haunted,Snyder Sanitarium,32.23366,-97.756,Glen Rose,TX,https://www.openstreetmap.org/node/12453473996,,0.1,
haunted,State Penitentiary C.S.A. and Texas Civil War Manufacturing,30.72307,-95.54688,Huntsville,TX,https://www.openstreetmap.org/node/12454128116,,0.4,
haunted,Imminent Doom Haunted House,32.433016,-94.844413,Kilgore,TX,https://www.openstreetmap.org/node/12893715300,,,
haunted,Sweet Dreams Haunted Attraction,30.688622,-88.053745,Mobile,AL,https://www.openstreetmap.org/node/13565360401,,1.2,
haunted,Haunted Picnic Table 29,34.137186,-118.306787,Universal City,CA,https://www.openstreetmap.org/node/11608850025,,4.3,
haunted,Zak Bagan's The Haunted Museum,36.158381,-115.145638,Las Vegas,NV,https://www.openstreetmap.org/way/806953202,,,
haunted,Hex House,36.081984,-96.047931,Tulsa,OK,https://www.openstreetmap.org/node/13719806084,,,
haunted,The Fear Factory,36.425363,-89.056996,Union City,TN,https://www.openstreetmap.org/node/12165400492,,,
haunted,Backwoods Nightmare Haunted Woods,36.090734,-86.418779,Rural Hill,TN,https://www.openstreetmap.org/node/13858065959,,6.1,
haunted,Chaos Haunted House,33.624571,-85.10171,Carrollton,GA,https://www.openstreetmap.org/way/981710792,,5.5,
haunted,Ripley's Haunted Adventure,35.710543,-83.518941,Gatlinburg,TN,https://www.openstreetmap.org/way/1435782642,,,
haunted,Nightmare Haunted House,33.693626,-78.878382,Myrtle Beach,SC,https://www.openstreetmap.org/node/2722767216,,0.9,
haunted,Haunted Forest At Panic Point,36.028109,-78.459502,Youngsville,NC,https://www.openstreetmap.org/node/5390039038,,,
haunted,The Cryptozoology & Paranormal Museum,36.433169,-77.916204,South Rosemary,NC,https://www.openstreetmap.org/way/606784641,,19.7,
haunted,Nightmare Factory Haunted Attraction,34.884935,-76.915938,Havelock,NC,https://www.openstreetmap.org/way/616191563,,,
haunted,Grande Vista Sanitarium,37.949607,-122.308551,East Richmond Heights,CA,https://www.openstreetmap.org/node/2640323068,,0.7,
haunted,Haunted Washoe Club Museum,39.309319,-119.650222,Virginia City,NV,https://www.openstreetmap.org/node/4243505100,,,
haunted,Rebel Yell Haunted House,37.25026,-121.900745,Cambrian Park,CA,https://www.openstreetmap.org/way/863999850,,2.8,
haunted,Missouri State Penitentiary Tours,38.573749,-92.161798,Jefferson City,MO,https://www.openstreetmap.org/node/9694349988,,1.1,
haunted,Missouri State Penitentiary Museum,38.572044,-92.163583,Jefferson City,MO,https://www.openstreetmap.org/node/9694350011,,1.0,
haunted,Haunted Emmaus Asylum,38.643795,-90.99267,Marthasville,MO,https://www.openstreetmap.org/node/358066503,,5.9,
haunted,217 Terror Haunted House,39.485916,-90.372725,Roodhouse,IL,https://www.openstreetmap.org/node/13947549128,,,
haunted,Lemp Mansion,38.593173,-90.215771,Saint Louis,MO,https://www.openstreetmap.org/way/526334314,,,
haunted,Trans-Allegheny Lunatic Asylum,39.038246,-80.471814,Weston,WV,https://www.openstreetmap.org/way/374509925,,,
haunted,Total Terror Haunted Attraction,37.552275,-77.929225,Powhatan,VA,https://www.openstreetmap.org/node/9162517779,,,
haunted,Haunted Hollow,38.693255,-77.778469,Warrenton,VA,https://www.openstreetmap.org/node/9597842952,,,
haunted,Haunted Tales,39.356755,-74.427196,Atlantic City,NJ,https://www.openstreetmap.org/way/539916275,,0.9,
haunted,White Horse Inn;White Horse Inn & Bar,41.998436,-117.719895,McDermitt,NV,https://www.openstreetmap.org/way/1121464184,,,
haunted,Asylum 49,40.526335,-112.295012,Tooele,UT,https://www.openstreetmap.org/node/9631849882,,0.6,
haunted,Hirschi's Haunted Hollow,42.099848,-111.896225,Preston,ID,https://www.openstreetmap.org/node/11279806881,,1.7,
haunted,Sinister Sidney,40.748182,-95.635706,Sidney,IA,https://www.openstreetmap.org/node/6239206983,,,
haunted,Anamosa State Penitentiary Museum,42.112511,-91.29138,Anamosa,IA,https://www.openstreetmap.org/node/367089373,,0.7,
haunted,Haunted Trails,41.55012,-88.088541,Crest Hill,IL,https://www.openstreetmap.org/way/495983548,,1.0,
haunted,The Haunted Jail,41.155809,-85.48714,Columbia City,IN,https://www.openstreetmap.org/node/5931585811,,0.2,
haunted,Gutscher Sanitarium,41.178473,-85.615611,Pierceton,IN,https://www.openstreetmap.org/node/13102724788,,7.9,
haunted,Haunted Town Hall,40.759125,-83.948266,Lafayette,OH,https://www.openstreetmap.org/way/703782669,,,
haunted,Irene Byron Tuberculosis Sanatorium,41.196455,-85.170248,Huntertown,IN,https://www.openstreetmap.org/way/948717037,,3.6,
haunted,Haunted Hootchie,39.990871,-82.74832,Pataskala,OH,https://www.openstreetmap.org/node/3118461459,,,
haunted,13th Floor Haunted House,40.08219,-82.948515,Columbus,OH,https://www.openstreetmap.org/way/637555091,,,
haunted,Hundred Acres Manor Haunted House,40.333511,-80.009363,Bethel Park,PA,https://www.openstreetmap.org/way/699118501,,,
haunted,West Virginia State Penitentiary Tours,39.916014,-80.742304,Moundsville,WV,https://www.openstreetmap.org/way/829669282,,,
haunted,Haunted Mansion,40.879976,-76.505058,Elysburg,PA,https://www.openstreetmap.org/node/3700461518,,4.3,
haunted,Brighton Asylum,40.858032,-74.143347,Passaic,NJ,https://www.openstreetmap.org/node/4830873565,,,
haunted,Pine Bush UFO Museum,41.609741,-74.301059,Pine Bush,NY,https://www.openstreetmap.org/node/8703565078,,,
haunted,13th Hour Haunted House,40.905432,-74.586599,Wharton,NJ,https://www.openstreetmap.org/node/9201376625,,,
haunted,The Bates Motel & Haunted Hayride,39.945144,-75.49665,Lima,PA,https://www.openstreetmap.org/node/12304730005,,5.7,
haunted,Haunted Coal Mine,40.288598,-76.653548,Hershey,PA,https://www.openstreetmap.org/node/12994423868,,0.4,
haunted,Estate of Evil,40.291262,-76.655507,Hershey,PA,https://www.openstreetmap.org/node/12995085649,,0.7,
haunted,Auntie Mortem's Abattoir,40.293825,-76.654432,Hershey,PA,https://www.openstreetmap.org/node/12995090391,,0.9,
haunted,Haunted Halloween House,40.901362,-74.95719,Oxford,NJ,https://www.openstreetmap.org/way/260858515,,11.3,
haunted,Eastern State Penitentiary,39.968336,-75.172675,Philadelphia,PA,https://www.openstreetmap.org/way/320052082,,,
haunted,Headless Horseman Hayrides and Haunted Houses,41.851567,-73.972109,Port Ewen,NY,https://www.openstreetmap.org/way/419550850,,6.0,
haunted,The Dark Manor Haunted House,41.597772,-72.046822,Sprague,CT,https://www.openstreetmap.org/way/926063400,,,
haunted,The Haunted World,43.66392,-116.575007,Middleton,ID,https://www.openstreetmap.org/node/11688514958,,6.0,
haunted,Old Idaho Penitentiary,43.602249,-116.162206,Boise,ID,https://www.openstreetmap.org/way/421958184,,,
haunted,Dark Chambers Haunted Attraction,42.555348,-90.61058,East Dubuque,IL,https://www.openstreetmap.org/node/13891305702,,7.5,
haunted,Haunted House,43.163323,-89.059251,Marshall,WI,https://www.openstreetmap.org/way/514606719,,0.8,
haunted,Haunted House of Wax,43.08584,-79.063278,Niagara Falls,NY,https://www.openstreetmap.org/node/3964938709,,1.1,
haunted,Rolling Hills Asylum,42.881184,-78.132805,East Bethany,NY,https://www.openstreetmap.org/node/5390600736,,,
haunted,Thornhill Woods Haunted House,43.841333,-79.469709,Thornhill,,https://www.openstreetmap.org/node/8078721265,,,"outside the US (nearest: Vaughan, CA)"
haunted,The Haunted House,43.091246,-79.074204,,,https://www.openstreetmap.org/node/12847303040,,,"outside the US (nearest: Niagara Falls, CA)"
haunted,The Haunted Walk of Ottawa,45.423377,-75.695896,,,https://www.openstreetmap.org/node/765366981,,,"outside the US (nearest: Ottawa, CA)"
haunted,Canada's Penitentiary Museum,44.221675,-76.51379,Kingston,,https://www.openstreetmap.org/way/24969643,,,"outside the US (nearest: Kingston, CA)"
haunted,Doctor Morbid's Haunted House,43.422529,-73.714346,Queensbury,NY,https://www.openstreetmap.org/node/4403648514,,9.6,
haunted,Witch Mansion Haunted House,42.521794,-70.89348,Salem,MA,https://www.openstreetmap.org/node/13043301667,,0.4,
haunted,The Huntting's Pumpkin Patch and Haunted Forest,46.571092,-122.5542,Cinebar,WA,https://www.openstreetmap.org/node/11214339511,,,
haunted,Fright Factory Haunted House,47.165644,-122.000647,Buckley,WA,https://www.openstreetmap.org/way/753445391,,2.0,
haunted,The Trail of Purgatory Haunted Attraction,48.367216,-89.422517,,,https://www.openstreetmap.org/node/13277805921,,,"outside the US (nearest: Thunder Bay, CA)"
haunted,Caribou Hotel,60.165057,-134.706506,,,https://www.openstreetmap.org/way/204610047,,,"outside the US (nearest: Whitehorse, CA)"
weird-history,"J Lorraine, Texas Ghost Town",30.332325,-97.509487,Manor,TX,https://www.openstreetmap.org/way/962329436,,,
weird-history,Martin Augustine Mining Camp,33.484085,-115.236058,Niland,CA,https://www.openstreetmap.org/node/10794140239,,37.8,
weird-history,Castle Dome Mine Museum,33.045874,-114.178023,Yuma,AZ,https://www.openstreetmap.org/way/1137995652,,,
weird-history,Goldfield Ghost Town,33.45733,-111.491847,Apache Junction,AZ,https://www.openstreetmap.org/way/46411488,,7.1,
weird-history,Shakespeare Ghost Town Tours,32.32479,-108.738557,Lordsburg,NM,https://www.openstreetmap.org/node/9775681844,,4.0,
weird-history,Belcamp (Ghost Town),33.443616,-98.685788,Olney,TX,https://www.openstreetmap.org/node/1731158405,,10.2,
weird-history,Ghost Town of Cotton Gin,31.68067,-96.35993,Teague,TX,https://www.openstreetmap.org/node/12403614321,,9.3,
weird-history,Calico Ghost Town,34.948373,-116.864611,Barstow,CA,https://www.openstreetmap.org/node/670761,,15.4,
weird-history,Ballarat,36.047917,-117.225675,Searles Valley,CA,https://www.openstreetmap.org/node/150935444,,35.1,
weird-history,Silver City Ghost Town,35.597694,-118.4916,Bodfish,CA,https://www.openstreetmap.org/way/1285388412,,1.1,
weird-history,Ghost Town,33.843752,-117.999655,Buena Park,CA,https://www.openstreetmap.org/way/1307607044,,2.6,
weird-history,Ghost Town of White Hills,35.700322,-114.474416,Dolan Springs,AZ,https://www.openstreetmap.org/node/959119853,,21.8,
weird-history,Lost Arch Historic Mining Camp,34.436412,-114.824378,Desert Hills,AZ,https://www.openstreetmap.org/node/12125673149,,43.4,far from any town
weird-history,Venezia,34.393082,-112.416834,Mayer,AZ,https://www.openstreetmap.org/node/150939519,,16.6,
weird-history,Goodwin,34.355719,-112.380399,Mayer,AZ,https://www.openstreetmap.org/node/150954256,,14.0,
weird-history,Hooper,34.26614,-112.382945,Mayer,AZ,https://www.openstreetmap.org/node/150963127,,19.9,
weird-history,Ghost City Inn,34.748936,-112.114488,Clarkdale,AZ,https://www.openstreetmap.org/node/1685026487,,5.7,
weird-history,Vulture Mine Tours / Vulture City Ghost Town,33.816527,-112.828828,Wickenburg,AZ,https://www.openstreetmap.org/node/3274100436,,,
weird-history,Ghost Town Tours,34.750699,-112.116606,Clarkdale,AZ,https://www.openstreetmap.org/node/9953774076,,5.8,
weird-history,Gold King Mine Ghost Town,34.75655,-112.130827,Clarkdale,AZ,https://www.openstreetmap.org/node/14145400120,,6.9,
weird-history,abandoned mine marker,35.464799,-106.12779,La Cienega,NM,https://www.openstreetmap.org/node/5489916823,,10.9,
weird-history,Ghost Town of Clara,34.09176,-98.69693,Burkburnett,TX,https://www.openstreetmap.org/node/12453787783,,11.7,
weird-history,Ghost Town Village,35.526815,-83.103619,Maggie Valley,NC,https://www.openstreetmap.org/way/1092172492,,1.1,
weird-history,Palmyra Mining Camp,39.165714,-119.500106,Dayton,NV,https://www.openstreetmap.org/node/9869705017,,11.3,
weird-history,Leadfield,36.848316,-117.060807,Beatty,NV,https://www.openstreetmap.org/node/150955198,,27.6,
weird-history,Rhyolite Ghost Town,36.900897,-116.829335,Beatty,NV,https://www.openstreetmap.org/node/2628616795,,6.3,
weird-history,Cerro Gordo Ghost Town,36.537743,-117.79506,Lone Pine,CA,https://www.openstreetmap.org/node/3472284346,,25.2,
weird-history,Logan City,37.609462,-115.393523,Alamo,NV,https://www.openstreetmap.org/node/3814805134,,33.9,
weird-history,Ghost Town Pahreah Old Cellar,37.24808,-111.952794,Kanab,UT,https://www.openstreetmap.org/node/1800705764,,55.5,far from any town
weird-history,Ghost Town Pahreah Old Chimney,37.247594,-111.952313,Kanab,UT,https://www.openstreetmap.org/node/1800705771,,55.5,far from any town
weird-history,Spencer´s Mining Camp,37.246992,-111.952239,Kanab,UT,https://www.openstreetmap.org/node/1800705800,,55.5,far from any town
weird-history,Phantom Falls,39.610505,-121.560729,Oroville,CA,https://www.openstreetmap.org/node/1074721700,,10.7,
weird-history,Leefe,41.811762,-111.024733,Randolph,UT,https://www.openstreetmap.org/node/150957842,,20.8,
weird-history,Murray Hall,41.809501,-96.024678,Tekamah,NE,https://www.openstreetmap.org/node/8487259027,,16.7,
weird-history,Jean Baptiste Charbonneau Grave,42.951943,-117.339185,Murphy,ID,https://www.openstreetmap.org/way/460000136,,70.4,far from any town
weird-history,Buffalo Ridge Ghost Town,43.607993,-96.885893,Hartford,SD,https://www.openstreetmap.org/way/1063293375,,4.9,
weird-history,Forts Ferry,42.787988,-73.793012,Niskayuna,NY,https://www.openstreetmap.org/node/7576529641,,4.4,
weird-history,Gilbert Ghost Town,48.457381,-120.562214,Granite Falls,WA,https://www.openstreetmap.org/node/150969778,,68.2,far from any town
weird-history,Franklin Ghost Town,47.297998,-121.95874,Black Diamond,WA,https://www.openstreetmap.org/node/6172525155,,3.6,
weird-history,Garnet Ghost Town,46.825141,-113.339388,Clinton,MT,https://www.openstreetmap.org/way/1149749049,,29.1,
weird-history,Old Molson Ghost Town Museum,48.976171,-119.19968,Oroville,WA,https://www.openstreetmap.org/way/428128256,,,
weird-history,Chomly,55.246739,-132.325752,Ketchikan,AK,https://www.openstreetmap.org/node/7673874853,,44.2,far from any town
weird-history,Dolomi,55.131765,-132.054656,Metlakatla,AK,https://www.openstreetmap.org/node/7673874854,,30.5,
weird-history,Klinkwan,54.889901,-132.365609,Metlakatla,AK,https://www.openstreetmap.org/node/7673901168,,57.0,far from any town
weird-history,Hole in the Wall,55.596765,-133.611882,Craig,AK,https://www.openstreetmap.org/node/7673901186,,32.1,
weird-history,Chuck Mining Camp,57.568623,-133.347018,Petersburg,AK,https://www.openstreetmap.org/node/2478376612,,87.3,far from any town
weird-history,Bremner Historic Mining District,61.036635,-143.437809,,,https://www.openstreetmap.org/way/469639458,,,no town within range
weird-history,Dexter,64.586176,-165.348144,Nome,AK,https://www.openstreetmap.org/node/5961065081,,9.9,
weird-history,Coal Creek Mining Camp,65.305662,-143.154129,,,https://www.openstreetmap.org/way/243146326,,,no town within range
ufos,Area 51 Laser Tag,30.287316,-81.411608,Jacksonville Beach,FL,https://www.openstreetmap.org/node/4332630760,,2.0,
ufos,Men in Black: Alien Attack,28.480905,-81.467587,Tangelo Park,FL,https://www.openstreetmap.org/node/4694575653,,3.5,
ufos,Alien Swirling Saucers,28.355653,-81.562725,Celebration,FL,https://www.openstreetmap.org/way/685092734,,4.4,
ufos,Coyote's Flying Saucer Retrieval and Repair Service,32.656178,-116.099248,,,https://www.openstreetmap.org/node/9333504792,,,"outside the US (nearest: Rumorosa, MX)"
ufos,International UFO Museum & Research Center,33.393705,-104.52322,Roswell,NM,https://www.openstreetmap.org/way/894384126,,,
ufos,Flying Saucer,33.902238,-117.4671,Home Gardens,CA,https://www.openstreetmap.org/way/259294718,,5.6,
ufos,Travis Walton's Abduction Site,34.299978,-110.649058,Heber-Overgaard,AZ,https://www.openstreetmap.org/node/8165782454,,14.6,
ufos,UFO Experience,33.555006,-111.876563,Scottsdale,AZ,https://www.openstreetmap.org/node/12910983715,,5.5,
ufos,Alien Woman,36.270912,-108.226433,West Hammond,NM,https://www.openstreetmap.org/node/1656727357,,48.2,far from any town
ufos,Alien Throne,36.148889,-107.980721,Crownpoint,NM,https://www.openstreetmap.org/node/2185892937,,54.6,far from any town
ufos,Roswell UFO Monument,33.950189,-105.314113,Capitan,NM,https://www.openstreetmap.org/node/3832839954,,50.9,far from any town
ufos,Roswell crash,34.065881,-105.537525,Carrizozo,NM,https://www.openstreetmap.org/node/3833673955,,56.6,far from any town
ufos,Site where Roswell ship exploded,34.013959,-105.531661,Capitan,NM,https://www.openstreetmap.org/node/3833882184,,52.2,far from any town
ufos,UFO Alien Crash Communion Wall,33.612175,-105.194706,Capitan,NM,https://www.openstreetmap.org/node/5040251063,,35.8,
ufos,Alien Museum,35.662973,-105.998555,Santa Fe,NM,https://www.openstreetmap.org/node/6760507242,,,
ufos,Roswell crash site (1947),33.950328,-105.313908,Capitan,NM,https://www.openstreetmap.org/way/379963497,,51.0,far from any town
ufos,Area 51 Alien Center,36.643767,-116.395984,Beatty,NV,https://www.openstreetmap.org/node/4609365823,,43.7,far from any town
ufos,The Black Mailbox,37.457061,-115.482604,Alamo,NV,https://www.openstreetmap.org/node/2458096636,,29.9,
ufos,District 51,37.268764,-115.80131,Alamo,NV,https://www.openstreetmap.org/node/4773733662,,57.3,far from any town
ufos,Area 51 Back Gate,37.594035,-115.898805,Alamo,NV,https://www.openstreetmap.org/node/8554608198,,69.6,far from any town
ufos,Bald Mountain Gate Area 51,37.491896,-115.692712,Alamo,NV,https://www.openstreetmap.org/node/12323668906,,48.7,far from any town
ufos,Area 51 Green Pointer,37.401135,-115.49238,Alamo,NV,https://www.openstreetmap.org/node/12324058915,,29.3,
ufos,Back Gate panorama,37.594531,-115.898399,Alamo,NV,https://www.openstreetmap.org/node/13101185548,,69.6,far from any town
ufos,Alien,36.782399,-111.766073,LeChee,AZ,https://www.openstreetmap.org/node/5596600521,,30.3,
ufos,UFO crash site ( Aztec NM ),36.878494,-107.841069,Aztec,NM,https://www.openstreetmap.org/node/5272487533,,14.9,
ufos,"UFO Crash Site Plaque: ""Recovery at Hart Canyon""",36.87775,-107.841219,Aztec,NM,https://www.openstreetmap.org/node/10265208880,,14.8,
ufos,Hook-Up Towing UFO,39.856108,-95.5433,Hiawatha,KS,https://www.openstreetmap.org/node/7619080563,,0.8,
ufos,Rt 30 Alien,43.633298,-74.39443,Lake Pleasant,NY,https://www.openstreetmap.org/node/9027241030,,18.1,
ufos,Landing Zone,47.890874,-122.276852,Lake Stickney,WA,https://www.openstreetmap.org/node/13281291713,,1.9,
ufos,The Peace Bowl,47.650049,-122.189807,Yarrow Point,WA,https://www.openstreetmap.org/way/1054898031,,2.1,
ufos,UFO,49.343756,-82.159997,,,https://www.openstreetmap.org/node/8931049317,,,"outside the US (nearest: Kapuskasing, CA)"
folklore,Expedition Everest: Legend of the Forbidden Mountain,28.358611,-81.587202,Citrus Ridge,FL,https://www.openstreetmap.org/relation/3937134,,6.1,
folklore,The Legend of Bruce Lee Statue,34.065116,-118.237433,Los Angeles,CA,https://www.openstreetmap.org/node/5322526877,,1.5,
folklore,Lovers Leap,36.424372,-105.002916,Angel Fire,NM,https://www.openstreetmap.org/node/357576563,,25.5,
folklore,Lover's Leap,34.684831,-94.363664,Mena,AR,https://www.openstreetmap.org/node/4622612517,,15.8,
folklore,Gravity Hill - Folklore Destination,35.582997,-80.245116,Richfield,NC,https://www.openstreetmap.org/node/10698447293,,,
folklore,Legend of June Lake Slot Machines,37.799244,-119.06356,Mammoth Lakes,CA,https://www.openstreetmap.org/node/11115109681,,18.6,
folklore,Bartlesville Gravity Hill,36.668327,-95.988965,Bartlesville,OK,https://www.openstreetmap.org/node/3268289720,,8.8,
folklore,Legend of Ondessonk,37.517881,-88.754435,Vienna,IL,https://www.openstreetmap.org/node/12628952961,,17.0,
folklore,Lover's Leap Lookout,38.119628,-81.118475,Ansted,WV,https://www.openstreetmap.org/node/2924140473,,2.5,
folklore,Lover's Leap Wayside,36.717625,-80.323185,Stuart,VA,https://www.openstreetmap.org/node/3450687553,,10.0,
folklore,Fred Clifton Park Overlook - Lover's Leap,36.720258,-80.325434,Stuart,VA,https://www.openstreetmap.org/node/3450792962,,10.3,
folklore,Lover's Leap Overlook,36.701944,-82.743131,Gate City,VA,https://www.openstreetmap.org/node/3694296962,,16.1,
folklore,Lovers Leap Overlook,37.281638,-82.288051,Grundy,VA,https://www.openstreetmap.org/node/10674656789,,16.7,
folklore,The Legend of the Iron Hoop,41.145601,-81.339982,Kent,OH,https://www.openstreetmap.org/node/2434316436,,1.7,
folklore,Legend of Jenny Jump,40.900861,-74.956664,Oxford,NJ,https://www.openstreetmap.org/node/2664343141,,11.2,
folklore,Gravity Hill,42.547073,-90.233213,Shullsburg,WI,https://www.openstreetmap.org/node/1150687242,,,
folklore,magnetic hill,43.841763,-79.96769,,,https://www.openstreetmap.org/node/2239846005,,,"outside the US (nearest: Orangeville, CA)"
folklore,The Legend of John Maynard Memorial,42.880979,-78.888742,Buffalo,NY,https://www.openstreetmap.org/node/8340924036,,1.0,
folklore,Legend of the Moon,47.663388,-122.121976,Redmond,WA,https://www.openstreetmap.org/node/10314105826,,1.2,
